variant,training_seed,scenario,evaluation_seed,height_command_m,height_signed_bias_mm,height_within_episode_std_mm,vx_signed_error_m_s,wz_signed_error_rad_s,height_full_interval_mae_mm,planar_speed_full_interval_m_s,tilt_full_interval_rad,nonwheel_netforce_full_interval_N,vx_full_interval_mae_m_s,wz_full_interval_mae_rad_s,terminated_count,truncated_count,done_count,steady_coverage,steady_samples,steady_segments,short_segments,short_retained_samples,reward_mean_diagnostic,leg_target_derivative_rms_rad_s,wheel_target_derivative_rms_rad_s2,leg_effort_derivative_rms_Nm_s,wheel_effort_derivative_rms_Nm_s
last_token_attention,1011,stand_low,301,0.28,-1.1994645906495278,0.03710175235390864,0.003372332524251531,-0.03488607036186411,1.5597829688340425,0.01206805758237897,0.29796382118342446,48.32476411151886,0.00720720255848937,0.05052229076993899,0,8,8,0.8995,14392,8,8,0,0.046122783091384914,0.03719127540715254,0.2782985333722867,4.048251581321804,2.494622119336168
last_token_attention,1011,stand_mid,301,0.3,-21.11411583363977,0.03979860314029684,0.0033906800929840893,-0.03474558668029652,21.097142592072487,0.012015916440432192,0.29727844982559326,48.47180148077011,0.007222247209383568,0.05034742670206015,0,8,8,0.8995,14392,8,8,0,0.03850300842977595,0.03491032765892903,0.26204954643581013,3.769134959603489,2.381411392165358
last_token_attention,1011,stand_high,301,0.32,-40.938070568858144,0.06933358745446441,0.002854582407019514,-0.02660824419838556,40.691369615495205,0.010214131307424395,0.29568863076972773,48.68225420153141,0.006751821405274313,0.042965794017587544,0,8,8,0.8995,14392,8,8,0,0.02958785344287753,0.030454558315892274,0.23036731031205018,3.1315963386234658,2.1068485852279344
last_token_attention,1011,forward,301,0.3,-20.629105111040488,0.01671413247314525,-0.4991011329827669,-0.008159766248660941,20.628841284662485,0.00705961353618477,0.2812536303820671,48.592898258566855,0.5015151016209275,0.025294172195965758,0,8,8,0.8995,14392,8,8,0,0.026546818555740172,0.027406112334731128,0.2620755476097647,2.2549182502931866,2.2425933593748586
last_token_attention,1011,reverse,301,0.3,-21.269222794969338,0.05597557916802397,0.5028816784249036,-0.030604515751702654,21.217992335557938,0.012119241280386632,0.30684608305059374,48.671143243551256,0.5001188142318278,0.047804851663558114,0,8,8,0.8995,14392,8,8,0,0.025618503632606007,0.07191271100627651,0.4231273959896226,6.923308512703055,4.886615651360958
last_token_attention,1011,turn_left,301,0.3,-20.493059903134768,0.09968679633686675,-0.00027255968465525433,-1.0001458989051464,20.465799432247877,0.007026173114908488,0.30766047025244914,48.9787805866003,0.0048467254589986625,1.0083572935722769,0,8,8,0.8995,14392,8,8,0,0.029005277203512377,0.035593989738899254,0.3532708373829021,2.5063080833962936,2.4759380359551133
last_token_attention,1011,turn_right,301,0.3,-22.13948871267377,0.28229054514643026,0.0029847284054641426,0.9693415811106252,22.077591128647327,0.01152707402864644,0.288498961223755,48.04102647089958,0.007102917975519859,0.9690668758153915,0,8,8,0.8995,14392,8,8,0,0.02859015755681321,0.06116454129914141,0.4595460740558156,5.882961589562655,4.657778875700748
last_token_attention,1022,stand_low,301,0.28,-94.46752611330278,0.038806055321266054,-0.004279007970169991,0.0005760826201667612,93.98201654944569,0.006395783633292012,0.07078100905945757,54.16755448067188,0.0052253064754040675,0.003827957077179235,0,8,8,0.8995,14392,8,8,0,0.029784185860829895,0.00549280615220268,0.02171743228016283,0.7131043699923458,0.17094448440421128
last_token_attention,1022,stand_mid,301,0.3,-114.49068291977319,0.03867217090845376,-0.004083215537989284,0.000955522189604212,113.8619002038613,0.006053668101543735,0.06935545538505539,52.49350389319658,0.005031028585046443,0.0041730179229798525,0,8,8,0.8995,14392,8,8,0,0.02980269182380289,0.004474975288587463,0.01845722298553695,0.5621718405545659,0.1270784509722352
last_token_attention,1022,stand_high,301,0.32,-134.33296648705758,0.036133731033430296,-0.004216468591623726,0.0007392153352764966,133.6309995027259,0.006231030758492124,0.06991230128775351,54.3180571359396,0.005149593011563411,0.0039289549221570045,0,8,8,0.8995,14392,8,8,0,0.029785516327654478,0.004782875001290611,0.018765077664419868,0.6502130814115051,0.1504662117975519
last_token_attention,1022,forward,301,0.3,-116.15493546254008,0.017754289017108685,-0.5035004273819018,0.0002941846489326514,115.50147479120642,0.00540726070610981,0.07925390435301233,48.92010476523638,0.5036405592635274,0.0037447930135481185,0,8,8,0.8995,14392,8,8,0,0.017001925512107847,0.001546671748241404,0.006385364044411594,0.25555270698814425,0.06032545571433395
last_token_attention,1022,reverse,301,0.3,-112.88984363102432,0.008454779214794768,0.49637566149035983,0.0025331449433543033,112.28473388683051,0.005365135137370089,0.059511110822902995,42.458602779567244,0.49637859040685,0.0060676248821228,0,8,8,0.8995,14392,8,8,0,0.017328116312279235,0.0021761191634168927,0.009650239553424311,0.30792999322348236,0.05689863451828305
last_token_attention,1022,turn_left,301,0.3,-109.34873617845909,0.008495310139202746,-0.0018564642622787423,-0.9910541347260607,108.75289811193943,0.003347280435034918,0.06410529410705203,49.05353246963024,0.0029637286555735044,0.9886412812173366,0,8,8,0.8995,14392,8,8,0,0.02007944597082678,0.0025690379366390867,0.014615836673209965,0.4201231201575844,0.14072707087213568
last_token_attention,1022,turn_right,301,0.3,-119.21880962642913,0.09609502359601,-0.0038762060026215485,0.9992017561135988,118.52201477624476,0.006130342258926248,0.0854567895924556,43.25960170426965,0.005078251301469209,1.0014193316586315,0,8,8,0.8995,14392,8,8,0,0.019911784835450818,0.007194492140776843,0.02787368538273695,0.923420258449133,0.2107578542523805
last_token_attention,1033,stand_low,301,0.28,-105.23357281793719,0.002024729166532425,-0.0035608044618645153,-0.0004181633146652247,104.63425357174128,0.007145593729248503,0.02959609655942768,125.92693261229992,0.006930386514058228,0.008999736567713626,0,8,8,0.8995,14392,8,8,0,0.02987736084527569,0.008670079000481595,0.0349234442517512,0.8480189469752796,1.562498859771923
last_token_attention,1033,stand_mid,301,0.3,-125.23506456709616,0.0023258809612183317,-0.0035816862826013505,-0.0002956222279262035,124.50187230668962,0.007168813993765071,0.02950580952560995,125.7907406759262,0.006956154407799659,0.00890558523263644,0,8,8,0.8995,14392,8,8,0,0.029887442374893,0.008297103744979786,0.03408927043714313,0.8416765492523395,1.5529559462528781
last_token_attention,1033,stand_high,301,0.32,-145.23420708689878,0.0018945151495864947,-0.003568642957241774,-0.00040152279994362964,144.4300376502797,0.007152732135404222,0.029559926274232567,126.13785891759396,0.006939985728535248,0.00891786030361618,0,8,8,0.8995,14392,8,8,0,0.02987417139147874,0.0075990891964486775,0.03333568949070118,0.7843048786058743,1.4847409418851163
last_token_attention,1033,forward,301,0.3,-125.2231943447468,0.0013548166584205312,-0.5029952578958939,0.0006270474680511546,124.46832937095314,0.008057458040560619,0.03145415622077417,125.86778052675724,0.5019817202985287,0.012085542286630358,0,8,8,0.8995,14392,8,8,0,0.017223432197217333,0.005760232032968898,0.03784277546975014,0.8213610709443022,1.5637716706436937
last_token_attention,1033,reverse,301,0.3,-125.45482966409013,0.003336179833772412,0.4968131256971576,-0.0015024562266910861,124.72689805366099,0.006281243148485373,0.056494208425516265,113.14178634136915,0.49708904875442383,0.008643478387580046,0,8,8,0.8995,14392,8,8,0,0.017308816682047107,0.007711790749407367,0.015126320389258013,0.5160163603414251,0.4461224138354211
last_token_attention,1033,turn_left,301,0.3,-125.2266641782846,0.0012632355758808891,-0.003602848539516908,-1.0006253153723508,124.49309215508401,0.0071812748114025455,0.03025259018148063,126.44682934457063,0.00697081024058366,0.9991082425862551,0,8,8,0.8995,14392,8,8,0,0.020137596747255883,0.006301914838422546,0.03312596556991939,0.7823954592660282,1.6341050707172828
last_token_attention,1033,turn_right,301,0.3,-125.24725690384658,0.0021345838444256403,-0.0035621581555662805,0.9995557507701952,124.51721521280706,0.006920354906014836,0.029231999236391856,124.66563474327326,0.006663028017664147,1.0040111335068942,0,8,8,0.8995,14392,8,8,0,0.020137911445963254,0.008003807176924433,0.025601969084012056,0.6919086526445763,1.0960179138136368
time_attention,1011,stand_low,301,0.28,-100.90596355050553,0.0008149673055729822,0.000158082433561644,0.002000769758913534,100.36180750839412,0.00401297656182048,0.08245125800569077,86.09210719668866,0.003230577021772377,0.01275133268819809,0,8,8,0.8995,14392,8,8,0,0.029596601594006643,0.00039487363404540636,0.002058840407342061,0.48057473811055346,0.16334816344420794
time_attention,1011,stand_mid,301,0.3,-120.97710066098612,0.000586136253151423,5.615895843883554e-05,0.0031339681440777463,120.29415395390242,0.004373748093858183,0.08212865152070299,86.42075312411785,0.0033719730199727282,0.01367973183250615,0,8,8,0.8995,14392,8,8,0,0.029610792745661457,0.0003833103818767791,0.0019870065006767487,0.2770303771516632,0.1323690759034374
time_attention,1011,stand_high,301,0.32,-141.08264504860944,0.00029898114142298555,-0.00011560416304006594,0.0033124724152979908,140.32378608826548,0.00435518959820638,0.08077946105843875,86.2027966132164,0.0032285395234474094,0.013643131348696443,0,8,8,0.8995,14392,8,8,0,0.029609152039920445,0.00033224713756772076,0.0016931755874986262,0.2012145660104263,0.1512454445066885
time_attention,1011,forward,301,0.3,-121.15357621568253,0.0048523563988513456,-0.49967521227163175,0.0024005604447460967,120.47114954702556,0.004578433735819395,0.07714138953783549,84.49667102885246,0.4985337312892079,0.012408308850125536,0,8,8,0.8995,14392,8,8,0,0.01709146713402879,0.00045716886192504564,0.002059929913381417,0.46143104383455735,0.1818215379285993
time_attention,1011,reverse,301,0.3,-122.70709869139655,0.023414922353654007,0.5000537636546444,0.0006523555764160917,121.99796875100583,0.0036727541381352184,0.05834278994076885,73.252855134964,0.5008529184013605,0.009393277865703794,0,8,8,0.8995,14392,8,8,0,0.017107748311005706,0.0015663230891141368,0.010464740140402313,2.362008261343409,3.1162510679946167
time_attention,1011,turn_left,301,0.3,-122.48400260609947,0.006532826071351204,0.0005604015813634379,-0.9968139141085677,121.79093894176185,0.004645261681736656,0.06209408121882007,83.71870215320587,0.00392594444366921,0.9971345994994044,0,8,8,0.8995,14392,8,8,0,0.019981972352368756,0.00023072578912517263,0.00130711871034829,0.4387051724013511,0.15740599982860543
time_attention,1011,turn_right,301,0.3,-116.02557513276828,0.0007475950791484837,-0.0005431765368809342,0.9997469454862925,115.39983655605465,0.007254105134345081,0.15113277831918095,92.06972726607323,0.005842796017952423,0.9996816105134785,0,8,8,0.8995,14392,8,8,0,0.019307522373710525,0.0014964697234622255,0.012760698015205067,0.13177305764030567,0.2710838563755405
time_attention,1022,stand_low,301,0.28,-30.73257595412495,0.4604331311988798,0.0046013445287527216,-0.01786076573169287,30.72703971993178,0.008633042324654526,0.4989492016002769,184.43201384162901,0.007002563776526586,0.0256241918289179,0,8,8,0.8995,14392,8,8,0,0.027588103924295865,0.0027071421378673244,0.013765875618528824,0.8096769537295673,0.7893671526297775
time_attention,1022,stand_mid,301,0.3,-50.91117927105711,0.4898261230033158,0.00470684654167838,-0.017920742806748918,50.73137922491878,0.008529348021256737,0.4980619850028306,183.2552241897583,0.007077375805158226,0.025471802152344025,0,8,8,0.8995,14392,8,8,0,0.02181890634028241,0.0012841756742420821,0.00609662669041122,0.7347372293376618,0.5475941075358809
time_attention,1022,stand_high,301,0.32,-70.9945729997355,0.49364086155313475,0.004682928009225367,-0.01766909815538898,70.69316454604268,0.008474868815945228,0.4975570885511115,182.4395154056549,0.007048529631429119,0.025153012888178637,0,8,8,0.8995,14392,8,8,0,0.020789213989221025,0.0012239481663228586,0.005840664686393775,0.7246769478528806,0.5551369422756065
time_attention,1022,forward,301,0.3,-50.70047911407717,1.4498224438652032,-0.4958899528980918,-0.015438483220451575,50.635707006789744,0.009543041397851084,0.4577528950185515,181.2554108028412,0.49613066235743464,0.024218111310537097,0,8,8,0.8995,14392,8,8,0,0.01068531199010522,0.0026967385998935968,0.01639238234814734,2.197511647018452,1.876968316013153
time_attention,1022,reverse,301,0.3,-51.60178403251532,0.13619826023925774,0.5020547577776862,-0.0035389230505238406,51.41924048215151,0.005575373488349897,0.5013781009893864,173.24070843982696,0.5019104960262776,0.01116913405555988,0,8,8,0.8995,14392,8,8,0,0.008790238774707177,0.0010609875745237099,0.005955587253128417,0.38315998522712513,0.5005994355857679
time_attention,1022,turn_left,301,0.3,-50.72702033514608,0.882377279548826,0.0054687505503852925,-0.9924725749099701,50.65600771829486,0.012705858565334068,0.20291249778086784,136.73281609010695,0.009771251750562896,0.9900584438443184,0,8,8,0.8995,14392,8,8,0,0.019619715845561585,0.004705646202341568,0.04150537967893164,2.194014389701999,21.711950480091268
time_attention,1022,turn_right,301,0.3,-123.19622195847103,0.5586584412986372,0.0014678339277761731,0.9988096271573736,120.95252609811723,0.011962880196944753,0.1736752665496897,111.5513124499321,0.010851019086235737,0.9990867139995098,0,8,8,0.8995,14392,8,8,0,0.018645009971380206,0.0006616217411837893,0.012932846564883355,1.1790837904957234,0.41562696544952143
time_attention,1033,stand_low,301,0.28,-21.18220413647272,0.03839219080932659,0.0023053716389608192,-0.0015185800598240067,21.15750167518854,0.01958357085150419,0.19527120499615558,1686.219276824951,0.008961968232137678,0.028362224420765414,0,8,8,0.8995,14392,8,8,0,0.04035500546917319,0.0196164373410391,0.44270465424637334,20.180593143724522,11.923778735240722
time_attention,1033,stand_mid,301,0.3,-41.87410012541911,0.3469059145696063,-0.011969117151128392,-0.07625932690698217,41.63976466096938,0.024376379681832986,0.22108263538917527,1615.4399292297364,0.018896197940790442,0.08658813235373236,0,8,8,0.8995,14392,8,8,0,0.030343490545870735,0.04987604735224023,0.6145643438849216,21.22831543038921,24.27355840708036
time_attention,1033,stand_high,301,0.32,-62.02126444711363,0.07210924279382296,-0.03313617498029943,-0.18651984722817888,61.68942178040743,0.03790807621539352,0.22833907293039374,1582.118406955719,0.03653709107727627,0.19312315819658396,0,8,8,0.8995,14392,8,8,0,0.02670903531915974,0.024633448068227867,0.23835248710189866,7.741016147232804,9.132043817333853
time_attention,1033,forward,301,0.3,-40.73893089155942,0.04343387227166281,-0.4941585430727362,0.0171641631331709,40.49578354135156,0.021404288933132194,0.18400065626495052,1287.5653735694884,0.4967433647811413,0.03379586271107837,0,8,8,0.8995,14392,8,8,0,0.019197377475036775,0.02048744729618232,0.44959213340596316,20.858453143723665,11.387903116447228
time_attention,1033,reverse,301,0.3,-43.05394068194666,0.3173733317547639,0.45443454965650865,-0.21413548971050578,42.79876641090959,0.05067478284315439,0.25781718908855694,1485.8235432014465,0.4520440658740699,0.22194527481059775,0,8,8,0.8995,14392,8,8,0,0.017005954402615316,0.14117527108962633,1.435341833530764,30.78198434032567,77.77047028627
time_attention,1033,turn_left,301,0.3,-46.77823214290074,0.24162572079107636,0.19465669320110426,0.0006121488918590186,46.525070609524846,0.2029333507358533,0.3537063251528889,1516.3191131744384,0.19341659041069215,0.04941161794215441,0,8,8,0.8995,14392,8,8,0,0.023894299177336507,0.07377038527600406,1.1912211234952887,31.51945112610652,53.28570552284526
time_attention,1033,turn_right,301,0.3,-44.14657270406404,0.2826323764074386,-0.27708950405396837,-0.382609573253464,43.9273016564548,0.2851511133718304,0.28917095994378905,1034.0880285758972,0.2774697980717756,0.3952375496327877,0,8,8,0.8995,14392,8,8,0,0.019198749863935518,0.09200019623502717,1.2476568048448555,49.26968659789598,103.9789662946278
index_attention,1011,stand_low,301,0.28,-103.00976280361132,0.017289857704949178,0.00010221864370405356,0.0033058787481663426,102.4426042791456,0.003675674079452847,0.05647535698791035,79.55120555496215,0.002678406531186397,0.01313460059469071,0,8,8,0.8995,14392,8,8,0,0.029789623894321268,0.001062289098774452,0.009364216509156592,0.9854206350344412,1.5693360299796173
index_attention,1011,stand_mid,301,0.3,-122.98437290560408,0.006054745881968759,0.00025105018918208016,0.0029658516982577618,122.28314115293324,0.0037239173272319024,0.05677455050940625,81.94862528944016,0.002828921991765014,0.012589481315508237,0,8,8,0.8995,14392,8,8,0,0.029800740033912008,0.0003093082750245318,0.0027411221648866954,0.5892078687966804,0.5359120418642511
index_attention,1011,stand_high,301,0.32,-143.08523695363047,0.002061267688353027,0.0004672170726661928,0.0014133300025013986,142.3085030959919,0.0037335664635697865,0.055582082950510085,84.90247780179978,0.00314962610816319,0.01070457147030956,0,8,8,0.8995,14392,8,8,0,0.029796336018131114,0.00021393081630741875,0.0019246909898232615,0.6965040403418771,0.3058179133820121
index_attention,1011,forward,301,0.3,-123.4384935200132,0.002063710141588596,-0.49972189826815255,0.0012649880504913577,122.71842187549919,0.004638787738477191,0.04915461049322039,77.23492275178432,0.49817643158882857,0.011057523754362777,0,8,8,0.8995,14392,8,8,0,0.01728330604040093,0.0009020588900082167,0.008402368640121635,0.4617913013076751,1.003310991509782
index_attention,1011,reverse,301,0.3,-124.27155335142318,0.03658269280580636,0.5004504697108484,0.0027149068006617942,123.55270313005894,0.003512393410258056,0.0408368960886728,73.07193979167938,0.5009919137302786,0.01063331370696062,0,8,8,0.8995,14392,8,8,0,0.017254948430868354,0.0009924103657402395,0.009200907646417593,1.7173452725902385,2.4051578256577844
index_attention,1011,turn_left,301,0.3,-124.53771202000333,0.0022294177635911946,0.00013454198035349623,-0.997638808481557,123.82371684256941,0.003577181096554341,0.0382202807480935,78.62653639030457,0.0027018598489365786,0.9952589938826859,0,8,8,0.8995,14392,8,8,0,0.020149853418173734,0.0006031795642528733,0.005988097728291615,0.8703626588970261,1.6846191381728697
index_attention,1011,turn_right,301,0.3,-118.27270946195719,0.0001665739560919019,-0.00030242581416847715,1.0016401575349185,117.58764401171356,0.004908522716001698,0.11871113251242786,89.03900119233131,0.0035876969749329248,1.003294301379472,0,8,8,0.8995,14392,8,8,0,0.01964381164999213,7.592086266035352e-05,0.000692677666293294,0.1568641569814061,0.07760265818995712
index_attention,1022,stand_low,301,0.28,-58.232764805097126,0.013141587215381232,-0.0006678276851851333,-8.938613211922993e-05,53.67406837455928,0.013237559240911651,0.3332354343289044,57.26149705076217,0.011206712326666092,0.02461765274418076,0,8,8,0.8995,14392,8,8,0,0.026950687640608522,0.0032148644198754044,0.03940052795983708,0.47124084961430723,0.4165171453761122
index_attention,1022,stand_mid,301,0.3,-79.1050440457346,0.0002449743375296688,-0.0008291182390958497,-0.00011770132989761455,74.79252381436527,0.013477306298056647,0.327855302048265,56.48292647695541,0.011545172393085522,0.02409980224534138,0,8,8,0.8995,14392,8,8,0,0.026031620799622034,0.0003511325400204144,0.004842221404835885,0.11758461412149367,0.2478762553009996
index_attention,1022,stand_high,301,0.32,-100.26203464196912,0.00026979708648483704,-0.0007077332301155248,-0.00015145001472962377,96.63258399255574,0.013416738004654689,0.3203113437729189,55.80412568759918,0.011509066223248737,0.022286286445411634,0,8,8,0.8995,14392,8,8,0,0.025598348888917825,0.00029949946510802637,0.004086313805581422,0.12712886009119823,0.2235077596310411
index_attention,1022,forward,301,0.3,-19.189812093890318,0.02401268458766927,-0.47891841513446937,0.14656461787934497,19.132104313001037,0.025529847938392778,0.4849636410893872,76.34108138370514,0.4805841285847127,0.14827600518293912,0,8,8,0.8995,14392,8,8,0,0.021430923144129338,0.0010976928400170506,0.01645025645455499,1.6120756542617425,5.224896715674323
index_attention,1022,reverse,301,0.3,-81.42664661737635,0.0007921676232010543,0.4993808638757969,5.8869167512675384e-05,79.13624135032296,0.012719299789526715,0.31285110555356366,58.81458524632454,0.49084285893663765,0.01841469170522629,0,8,8,0.8995,14392,8,8,0,0.013831579406367383,0.000882840077415574,0.011186674506649607,0.28241880935531044,1.6161442076719825
index_attention,1022,turn_left,301,0.3,-94.9424367714849,0.0016537315673966976,0.000186802949142063,-0.9997088942198439,92.89460726920515,0.01157356470795503,0.2761897474345751,49.235244238734246,0.010610107429793061,0.9953625114746392,0,8,8,0.8995,14392,8,8,0,0.01711444221061902,0.00021162404061501414,0.001783620493252929,0.09232568194475888,0.5226398424947849
index_attention,1022,turn_right,301,0.3,-77.18665204660607,0.0010544431372217823,-0.0005723181624602618,1.0002714522253338,74.2732995999977,0.013434050645468232,0.33121152320870895,57.7084254090786,0.0113987439585826,1.0134840489961208,0,8,8,0.8995,14392,8,8,0,0.01609895907646569,0.0008429047206983927,0.011821105864956905,0.12985405258565105,0.3080390143038556
index_attention,1033,stand_low,301,0.28,-21.819099661722802,0.06000086364137547,0.002712868353638267,-0.013009518413924066,21.76327670365572,0.02175746041282582,0.17379822589154356,1669.2655668411255,0.01277512364384529,0.03888331649531028,0,8,8,0.8995,14392,8,8,0,0.04017064761300571,0.026257902103466273,0.28844334398943977,14.689672189302437,10.855086387555335
index_attention,1033,stand_mid,301,0.3,-42.3378594190694,0.07825415403967921,-0.03148612108461048,-0.17372010405143795,42.10332729574293,0.039046390899675314,0.19689052087115125,1719.456727493286,0.03746824448596908,0.18426281167345587,0,8,8,0.8995,14392,8,8,0,0.029767554632329846,0.010577096852295971,0.14682658903185636,3.4272336613422167,2.798409622475674
index_attention,1033,stand_high,301,0.32,-62.39046240272026,0.09300825814599943,-0.027381003337879805,-0.15551351047301343,62.01124401111156,0.03698970572357939,0.210640715403948,1376.6696763000489,0.03456040366422167,0.16583943402270962,0,8,8,0.8995,14392,8,8,0,0.027259672376560046,0.048223309349491185,0.7107127741274377,15.488686213730098,21.31092243022394
index_attention,1033,forward,301,0.3,-44.32734688863018,0.028574736256792282,-0.5252966772435672,-0.1472918658298319,44.049458557739854,0.03556437490666212,0.20745116640545894,1755.2245852279664,0.5264408294335008,0.1568890051264607,0,8,8,0.8995,14392,8,8,0,0.016221243243354364,0.017427418582427724,0.20614555034835388,7.532644295281717,6.547409082098199
index_attention,1033,reverse,301,0.3,-43.00205324832899,0.2226520774761127,0.4416407191170263,-0.2481206231069788,42.73959019035101,0.06540368750528433,0.2232171574055683,1628.7109904632568,0.43972935518808665,0.25974472119117853,0,8,8,0.8995,14392,8,8,0,0.017505732759618694,0.2311629168154945,2.9741867235035437,39.400610470326654,88.27187407086257
index_attention,1033,turn_left,301,0.3,-44.625403865832226,0.22345321641998322,0.30536929941039864,0.5223000559245565,44.3840690786019,0.3069455443698971,0.2708393207130721,1421.8028350906372,0.30134177896336767,0.5257223950587213,0,8,8,0.8995,14392,8,8,0,0.016576944642991292,0.09229971473071191,0.5419699141303603,31.29633111897618,56.09627900493643
index_attention,1033,turn_right,301,0.3,-52.837513008254824,0.21409291800860542,-0.2661495286900927,-0.6186603801226599,52.59917616844177,0.2726901772040874,0.26977447163220497,1227.8553549613953,0.2653666317495517,0.6256784074343741,0,8,8,0.8995,14392,8,8,0,0.015407301464234479,0.12461812523221864,2.1027809779149345,48.91146338490747,90.70121140280116
gated_attention,1011,stand_low,301,0.28,-31.566287746540105,0.3184677340460582,0.00035764432355988923,1.3349140049642253e-05,31.315366791561246,0.006350691772075265,0.18141917507816105,67.14920564365387,0.004251733014932001,0.010516031275649993,0,8,8,0.8995,14392,8,8,0,0.03498341687099309,0.0021069978797092306,0.005577891324369065,1.4808890028233135,4.1992811639511665
gated_attention,1011,stand_mid,301,0.3,-51.426831252868816,0.31419176536676424,0.00031393190917342224,-0.00018925049771129413,50.897960032336414,0.0063416132890812375,0.18288982741255314,67.18933501553535,0.0042554119836253545,0.010761710540637836,0,8,8,0.8995,14392,8,8,0,0.029428518127242568,0.0020406900600624177,0.0051266863143902925,1.4210968241387576,4.37789155210361
gated_attention,1011,stand_high,301,0.32,-71.20093902683772,0.42746101685278187,0.0004356018351117768,-0.00028789312341094195,70.44703387096524,0.0063389313185022896,0.18249019148852677,67.62139464712143,0.004279687888685782,0.010656721252499664,0,8,8,0.8995,14392,8,8,0,0.028438753503287444,0.0029463282372352295,0.006556011376062592,1.3613701137444014,6.089339224654867
gated_attention,1011,forward,301,0.3,-54.97542708871957,0.9027330963487076,-0.4990715321014661,0.003472407023038585,54.30038701929152,0.006583146795414905,0.1783524941522628,67.37003001236916,0.500178277850151,0.013497881074709497,0,8,8,0.8995,14392,8,8,0,0.01654934959244565,0.0013531116304984847,0.00769189225117288,1.1391129978101968,4.651144442720264
gated_attention,1011,reverse,301,0.3,-46.932819439693596,0.2193257008006027,0.4996344090241105,-0.0024071768621839796,46.64045564737171,0.007159030959207712,0.12878366563189775,65.40464665818214,0.497227575968951,0.012467309765790219,0,8,8,0.8995,14392,8,8,0,0.018226128147769485,0.0012584118168152845,0.005481677837215296,1.2190375289418944,7.136042439413473
gated_attention,1011,turn_left,301,0.3,-51.61883280596481,0.3087752596892698,0.00032003630523956116,-0.9998787357748847,51.08030384685844,0.006331952801429765,0.183394494519569,67.2535496931076,0.004209211407874921,0.999041327867657,0,8,8,0.8995,14392,8,8,0,0.019702842599188444,0.001999527646205642,0.0027728044195546196,1.5171567825270738,4.326737666173151
gated_attention,1011,turn_right,301,0.3,-47.073791030299475,0.2748407297164697,-0.00019255951309023105,0.9958652747031909,46.788274217396975,0.006904361857438403,0.12526491922175045,65.39670310664177,0.004853585480009485,0.994124953519553,0,8,8,0.8995,14392,8,8,0,0.02102714072028175,0.0011849916199124582,0.002698549274053341,1.2273669732978778,5.3883809360255785
gated_attention,1022,stand_low,301,0.28,-84.66287999164904,0.29104346079723437,-0.0003767572863367843,0.00030917944812530865,83.32427451387048,0.010197734364367534,0.26351999848801644,44.19764651095867,0.009176690592957584,0.012129962388232968,0,8,8,0.8995,14392,8,8,0,0.027177235835522878,0.0008172735734758108,0.029210694229811512,0.8599334537760339,12.933143678729097
gated_attention,1022,stand_mid,301,0.3,-104.54971149663186,0.28964822240348537,-0.00037045741958889887,0.00032973504858287367,102.76299614086747,0.010206992825561144,0.2635989372334443,44.26760743021965,0.009166960086562682,0.012454354940336714,0,8,8,0.8995,14392,8,8,0,0.027178986238868674,0.0009188473432893579,0.032134656770756095,0.9003112815089107,13.772955197079742
gated_attention,1022,stand_high,301,0.32,-124.41195404595011,0.2914690236828464,-0.0003678253346366575,0.00034284358638292443,122.4276626566425,0.010125827512096109,0.26372805375861935,44.759340255379676,0.009107182951977762,0.012862814720343124,0,8,8,0.8995,14392,8,8,0,0.027076042179993237,0.0010175356785772514,0.0347377776481149,0.9459724536963072,14.93733159222267
gated_attention,1022,forward,301,0.3,-103.72738946351393,0.14413135332662103,-0.5002030439161309,0.0009439132519100671,101.87821030989289,0.010046769704795906,0.26043867096223405,42.52347586238384,0.5077319223172962,0.013144982367936663,0,8,8,0.8995,14392,8,8,0,0.014679616963145235,0.0001984885596368677,0.006861092832144026,0.5368455015487366,2.9979514154764217
gated_attention,1022,reverse,301,0.3,-104.38802377168113,0.015382363185910897,0.5003815429319339,0.0015906815998469384,102.50980664230883,0.010543575788094358,0.2663132056221366,44.74035567581654,0.4938790575824678,0.013498553312041622,0,8,8,0.8995,14392,8,8,0,0.014855607315548696,0.00018684325772693174,0.005792930280968419,0.3953360569482727,1.550339927148641
gated_attention,1022,turn_left,301,0.3,-106.05483414867214,0.0225353871323017,-6.201881994086278e-06,-0.9995694309804356,104.26526654977351,0.009703003952722156,0.2690454964772798,45.72943812656403,0.00877862486958952,0.9944784650541842,0,8,8,0.8995,14392,8,8,0,0.017428616840541054,0.0004222300955767062,0.015013284923735383,0.5748693455600944,6.095122226095462
gated_attention,1022,turn_right,301,0.3,-106.12930004185202,0.17354800186766464,-0.00021157803358539507,1.0003903285207325,104.32371983025223,0.010108974423653421,0.26380136112309993,43.631907394766806,0.009061784635680028,1.002832867193967,0,8,8,0.8995,14392,8,8,0,0.01749914330140018,0.0004802845365439738,0.0191167993772054,0.7308611568159892,9.54196917214963
gated_attention,1033,stand_low,301,0.28,-91.28073934235798,0.00928289431176191,-0.0004155547379278427,0.0014386591519653094,90.80995860882103,0.006217465783001899,0.11670110646216199,56.62847029256821,0.003338469795225137,0.00552730800001882,0,8,8,0.8995,14392,8,8,0,0.029435817456920633,0.00038038172946803714,0.00657052760176379,1.0388863066614809,6.937132717387819
gated_attention,1033,stand_mid,301,0.3,-111.2931736399642,0.006002159820849571,-0.00036286853344077037,0.0006402567649223149,110.67976789083332,0.006383086975296465,0.11494285695411964,55.99535020017624,0.0033039851031780925,0.004431648102283361,0,8,8,0.8995,14392,8,8,0,0.02945978828018997,0.0003525531664051734,0.006307073212332188,0.8565480324492535,5.340634157804718
gated_attention,1033,stand_high,301,0.32,-131.34759530971758,0.00964032559574956,-0.00046620837178111806,0.00034413461840128803,130.65815572906286,0.0061057983515602245,0.11489807891086093,57.317126426696774,0.003488416774154757,0.006470706417752809,0,8,8,0.8995,14392,8,8,0,0.029442459365236574,0.00045118964646077776,0.007784645253976902,1.3636424603256452,8.397458392610737
gated_attention,1033,forward,301,0.3,-113.34723295056865,0.04699910170228256,-0.5019687270624503,0.015814325676493823,112.70907557196915,0.005360391023372358,0.12382490245060762,52.90639514994621,0.5018533776178956,0.01782333771368576,0,8,8,0.8995,14392,8,8,0,0.016708130947721656,0.000618012163867364,0.008124286494400907,3.4183224146945563,10.67352384134829
gated_attention,1033,reverse,301,0.3,-109.33162263072217,0.009510950378476627,0.499091198443207,-0.012518917969769028,108.72757527604699,0.006215653540984988,0.09440674677089556,56.471950812339784,0.4988375227563083,0.016667000197212473,0,8,8,0.8995,14392,8,8,0,0.01702371186300297,0.0009748374550474587,0.01706174760733212,3.3175034242862105,23.40316462059327
gated_attention,1033,turn_left,301,0.3,-101.18528060084948,0.0004880343970984914,-0.00012471290318352753,-0.9944034476224547,100.66210940759629,0.006905758327571675,0.05923805572045967,80.06833213615417,0.002935026208851468,0.9941465002000331,0,8,8,0.8995,14392,8,8,0,0.020027050646283896,9.123442538008775e-06,5.735525440354642e-05,0.11836169352921824,0.05694774475600119
gated_attention,1033,turn_right,301,0.3,-116.68645097393174,0.006482363336649606,-0.0029120234783046183,1.0203165458127024,116.01521010231227,0.005575052609630802,0.08148392407363281,47.51678330612182,0.004757223824241919,1.019389828644693,0,8,8,0.8995,14392,8,8,0,0.01991048887706711,0.00023838185235379634,0.0028486212450655897,1.6520641010217518,3.0871561086521844
