variant,update,seed_count,reward_mean,reward_seed_sd
last_token_attention,1,3,0.01675989768279194,0.0006618746459622418
last_token_attention,9,3,0.0037000755670210032,0.00021706361323104464
last_token_attention,17,3,0.0027130026311659263,0.0003122862933628164
last_token_attention,25,3,0.0023166162314514735,0.00034352293483895947
last_token_attention,33,3,0.001662940155196155,0.00037890716149493293
last_token_attention,41,3,0.001858735718831553,0.00043878616579284835
last_token_attention,49,3,0.0022733021151327085,0.0005206979986179318
last_token_attention,57,3,0.0029667673229771055,0.0004262414667793525
last_token_attention,65,3,0.004188465174404308,0.0003237373531394295
last_token_attention,73,3,0.004815155002494451,0.0005233819077165099
last_token_attention,81,3,0.004988502259826755,0.00044689111288548534
last_token_attention,89,3,0.004839750894629292,0.0004724293409950407
last_token_attention,97,3,0.00512245050766703,0.000802370523610423
last_token_attention,105,3,0.0055337291212965364,0.0011852911497882426
last_token_attention,113,3,0.005701829636438729,0.0013402585701011269
last_token_attention,121,3,0.0058229118528206,0.0014141586923546155
last_token_attention,129,3,0.0064172503625105105,0.0014509698849189154
last_token_attention,137,3,0.0069077301350260025,0.0019494782293254314
last_token_attention,145,3,0.007564263928400566,0.0029136329702631253
last_token_attention,153,3,0.00782489064623091,0.0036464427599505102
last_token_attention,161,3,0.008404006431772136,0.004289633340180334
last_token_attention,169,3,0.009000550188690165,0.004372176385608182
last_token_attention,177,3,0.0095226058818901,0.004245769940560147
last_token_attention,185,3,0.00983604106614277,0.003911483915960943
last_token_attention,193,3,0.010326760243156595,0.003916793679983769
last_token_attention,201,3,0.010863940552627134,0.004100753325791336
last_token_attention,209,3,0.01132228101377603,0.004327567611396406
last_token_attention,217,3,0.011369361988146302,0.004614239672307891
last_token_attention,225,3,0.011277175588258885,0.004822258629883635
last_token_attention,233,3,0.011040267841162058,0.005101648978315275
last_token_attention,241,3,0.011033693955102543,0.005096744189700039
last_token_attention,249,3,0.010995167805279114,0.0051365144795653545
last_token_attention,257,3,0.01126666285069672,0.005302434224580779
last_token_attention,265,3,0.011492305713111403,0.005550500731813676
last_token_attention,273,3,0.011668434938256951,0.005801384567424557
last_token_attention,281,3,0.011736542409536754,0.006069174019086782
last_token_attention,289,3,0.011693860480314386,0.006184734598476761
last_token_attention,297,3,0.01172238396960532,0.006166517188948602
last_token_attention,305,3,0.011650689264877149,0.005974714012441364
last_token_attention,313,3,0.011776543588928276,0.005744441791805455
last_token_attention,321,3,0.011709874173549102,0.005829590901969448
last_token_attention,329,3,0.011836185550190927,0.006052638558226823
last_token_attention,337,3,0.011823384574698753,0.006100868536924762
last_token_attention,345,3,0.011937172543092464,0.006181020979613879
last_token_attention,353,3,0.011965241461125818,0.006161591299856052
last_token_attention,361,3,0.01193653791670933,0.006298464867274062
last_token_attention,369,3,0.01183965528212147,0.006337972588293081
last_token_attention,377,3,0.011715656598417857,0.006021340775363429
last_token_attention,385,3,0.01162600669662365,0.00575483775124145
last_token_attention,393,3,0.01159685581053655,0.0056866947642188765
last_token_attention,401,3,0.011579511927435249,0.006043337554017214
last_token_attention,409,3,0.01164730932366248,0.006133294441325922
last_token_attention,417,3,0.011672594710852831,0.00605969616105682
last_token_attention,425,3,0.011719863919542375,0.00573038841808479
last_token_attention,433,3,0.011829707302641832,0.0054696686468048514
last_token_attention,441,3,0.011835310975700645,0.005233372131298076
last_token_attention,449,3,0.011745321487926534,0.005041265957340453
last_token_attention,457,3,0.011687051550369518,0.005101411045672011
last_token_attention,465,3,0.011829467630421801,0.0052663678377657215
last_token_attention,473,3,0.0119133447680606,0.005437192137178603
last_token_attention,481,3,0.011806231546174654,0.005494609337792022
last_token_attention,489,3,0.011680088946292175,0.005549042668126525
last_token_attention,497,3,0.011669803412961357,0.005680860518650416
last_token_attention,505,3,0.011595750582870877,0.005558120337371031
last_token_attention,513,3,0.011321179210113242,0.005186227096461456
last_token_attention,521,3,0.011225553424481506,0.004986478944623715
last_token_attention,529,3,0.01145498251858669,0.004927106781217495
last_token_attention,537,3,0.011515647983026497,0.005021398670400505
last_token_attention,545,3,0.011632980653534733,0.005041178325777341
last_token_attention,553,3,0.01137451371412386,0.005210763238733904
last_token_attention,561,3,0.011388493326861407,0.005255096042803547
last_token_attention,569,3,0.011277564067798106,0.00503422128477993
last_token_attention,577,3,0.0113877915063844,0.004794457278840281
last_token_attention,585,3,0.011543790888242497,0.0047536620241506395
last_token_attention,593,3,0.011598020375380607,0.005071666874420047
last_token_attention,601,3,0.011499337446099158,0.005258381298822582
last_token_attention,609,3,0.011594687703999365,0.005367158675677322
last_token_attention,617,3,0.011644071332465743,0.005039285327845822
last_token_attention,625,3,0.011821128911750493,0.0049160493646150365
last_token_attention,633,3,0.011446639632043289,0.0046896126532169876
last_token_attention,641,3,0.01135234176290699,0.004738895372108442
last_token_attention,649,3,0.011267989411348961,0.004749287152701996
last_token_attention,657,3,0.011463359719912053,0.005023835967035166
last_token_attention,665,3,0.011668211091768632,0.005209736737873956
last_token_attention,673,3,0.011755454831733849,0.005273066602094918
last_token_attention,681,3,0.011634937515813565,0.005399760031049698
last_token_attention,689,3,0.011434741938445193,0.005121432982765396
last_token_attention,697,3,0.011461005364966836,0.004954392525695463
last_token_attention,705,3,0.011617069061694166,0.004899073320642851
last_token_attention,713,3,0.01165049747860492,0.005197579677656018
last_token_attention,721,3,0.01168153565323065,0.00533954949904627
last_token_attention,729,3,0.011845070398879255,0.00522522617471415
last_token_attention,737,3,0.012003769396190913,0.005130658654499129
last_token_attention,745,3,0.011995138194432485,0.005330960379807774
last_token_attention,753,3,0.011760308168922382,0.005280437925209631
last_token_attention,761,3,0.011554470920094914,0.005228231013181098
last_token_attention,769,3,0.011443300749985475,0.005070338169530019
last_token_attention,777,3,0.011516193792793296,0.005101715348937034
last_token_attention,785,3,0.01166728627551228,0.005241741263191684
last_token_attention,793,3,0.011859457332595434,0.005357588664080373
last_token_attention,801,3,0.01194221937930634,0.0054121007306401955
last_token_attention,809,3,0.011951319553601243,0.005426633685673251
last_token_attention,817,3,0.011730831235180691,0.005271418908300777
last_token_attention,825,3,0.011711439400637083,0.005448762969215645
last_token_attention,833,3,0.011767007850288924,0.005503535016636554
last_token_attention,841,3,0.012048286707070163,0.0057725169391055495
last_token_attention,849,3,0.012182828090116863,0.005757292673845269
last_token_attention,857,3,0.012199159027873774,0.006028969919810542
last_token_attention,865,3,0.012184577062893253,0.006040713556744777
last_token_attention,873,3,0.012178608044020716,0.006169454323246441
last_token_attention,881,3,0.011919473554721297,0.005865269968434455
last_token_attention,889,3,0.011928244512361241,0.005884044164891301
last_token_attention,897,3,0.011892317949797143,0.005772104056506441
last_token_attention,905,3,0.012039291597164542,0.005983070782679184
last_token_attention,913,3,0.011988900851590512,0.005934007919431727
last_token_attention,921,3,0.011868071508298488,0.005835021273865073
last_token_attention,929,3,0.011808376499977602,0.005989438183236355
last_token_attention,937,3,0.011765283437319168,0.006014252764826526
last_token_attention,945,3,0.011602510467570075,0.005842259054315286
last_token_attention,953,3,0.01155486406309155,0.005773867879379524
last_token_attention,961,3,0.011617690598124961,0.0056810003627134715
last_token_attention,969,3,0.011944539674680727,0.006001588826970712
last_token_attention,977,3,0.012124561189705571,0.0060337935815912794
time_attention,1,3,0.016434718140464284,0.001723351938368578
time_attention,9,3,0.0037471222547488642,9.242215570220566e-05
time_attention,17,3,0.002783664014809685,0.00021051972471250026
time_attention,25,3,0.0023874001242124927,0.00020349909852423304
time_attention,33,3,0.001759598303343546,0.00040210635593865426
time_attention,41,3,0.0019649636379796614,0.0006191152054109922
time_attention,49,3,0.0022983343405690126,0.0008443195867940649
time_attention,57,3,0.0028529862281238606,0.0011099884577562976
time_attention,65,3,0.003923050380704973,0.0010287824619658237
time_attention,73,3,0.0046460722086913405,0.0014555118300998333
time_attention,81,3,0.004907071632611489,0.0017935823655777713
time_attention,89,3,0.004838840876827013,0.002305260646065243
time_attention,97,3,0.0049645641499123025,0.0022861713771651234
time_attention,105,3,0.005182150598378493,0.0020537670434009354
time_attention,113,3,0.00510684482776786,0.0019761944711539662
time_attention,121,3,0.004995163711102614,0.001973025040737418
time_attention,129,3,0.005334178075360413,0.0018826792511789244
time_attention,137,3,0.005086068048682242,0.002377194082184982
time_attention,145,3,0.004890111647141206,0.002810795774930031
time_attention,153,3,0.004243031612279082,0.003416323454090505
time_attention,161,3,0.004394706738934151,0.00324912515457571
time_attention,169,3,0.004810981520559329,0.0031212727175516054
time_attention,177,3,0.005358485007924342,0.0031917092811941292
time_attention,185,3,0.005880868349470782,0.003258184890459174
time_attention,193,3,0.006633569686721882,0.002998180856936257
time_attention,201,3,0.007230883694105787,0.002700446754219884
time_attention,209,3,0.0077666046989454925,0.0023443349009790856
time_attention,217,3,0.00785706446226122,0.0023606272940582393
time_attention,225,3,0.008006109767728514,0.0024376298855926424
time_attention,233,3,0.007988441384224861,0.0025907328913618603
time_attention,241,3,0.008183513363566089,0.002544658971956581
time_attention,249,3,0.008262178202086532,0.0026088315903385114
time_attention,257,3,0.00857007547538377,0.002325885507756774
time_attention,265,3,0.00853744217945091,0.002260636671395097
time_attention,273,3,0.00842125362177291,0.0020826702815122237
time_attention,281,3,0.008118501222346738,0.002066164283901257
time_attention,289,3,0.007992147922535199,0.002027275741942097
time_attention,297,3,0.007955582848642756,0.0021205371452669695
time_attention,305,3,0.007896159107005257,0.0020840291746405436
time_attention,313,3,0.007944471755984816,0.0021102778530336535
time_attention,321,3,0.007809058374832946,0.0016544476695417934
time_attention,329,3,0.007787694473381917,0.0010569676861885131
time_attention,337,3,0.00775222746215466,0.0007344082694834595
time_attention,345,3,0.007778972738898847,0.0007338696824947177
time_attention,353,3,0.007931083222501736,0.0009986705262199727
time_attention,361,3,0.00810067858868667,0.0012066183869137664
time_attention,369,3,0.008194548843635564,0.0012540155121026526
time_attention,377,3,0.008276769479590183,0.0013357497677671042
time_attention,385,3,0.008173347111799031,0.0011570776408155717
time_attention,393,3,0.008105100702541109,0.0011166567505492588
time_attention,401,3,0.008035803159767747,0.0011058336706778324
time_attention,409,3,0.008174129891948783,0.001382720773010658
time_attention,417,3,0.008277816964675942,0.0016982652187454358
time_attention,425,3,0.008226915849105764,0.0020071560642563806
time_attention,433,3,0.008036753051788498,0.002389753025671288
time_attention,441,3,0.007967377056244724,0.002232337719382052
time_attention,449,3,0.007680677489638109,0.0023951810060627516
time_attention,457,3,0.007629664823268271,0.002639998844250465
time_attention,465,3,0.007634058690327146,0.0032340102085152453
time_attention,473,3,0.007690640349406883,0.003639213466303124
time_attention,481,3,0.007551567273096645,0.0034648306101426924
time_attention,489,3,0.007279224046222149,0.003525234538388164
time_attention,497,3,0.007294678915722236,0.003459075980551293
time_attention,505,3,0.007670948981928935,0.0030169290385256803
time_attention,513,3,0.007651009672166132,0.0027533975697025736
time_attention,521,3,0.007691902392652404,0.0023960791774149406
time_attention,529,3,0.007684483615568314,0.0026235004222167598
time_attention,537,3,0.00777883746763471,0.0024918488379611086
time_attention,545,3,0.008036268393754728,0.0025142248421883297
time_attention,553,3,0.007954343931573115,0.002536811126133823
time_attention,561,3,0.008075561296804994,0.0026834534234960136
time_attention,569,3,0.008133048965223854,0.0026265158719613645
time_attention,577,3,0.008106637600744633,0.002617205775471997
time_attention,585,3,0.008112064598508264,0.002742118562419787
time_attention,593,3,0.007993136245747766,0.0030699658865034423
time_attention,601,3,0.007962637342225963,0.003205841152847081
time_attention,609,3,0.008134621821120793,0.00329935011686323
time_attention,617,3,0.008219298653345255,0.0031310145057731483
time_attention,625,3,0.00837099819637682,0.003057101407125317
time_attention,633,3,0.008144543188919481,0.002860681191758951
time_attention,641,3,0.008119828628326971,0.002898632357035448
time_attention,649,3,0.0081333900679021,0.0029595889692460298
time_attention,657,3,0.008178007286424406,0.0030657979684663448
time_attention,665,3,0.008300793639596288,0.003133435729982059
time_attention,673,3,0.00838634498299176,0.0031526372319278396
time_attention,681,3,0.00831497742975021,0.0031336005688655947
time_attention,689,3,0.008297926370688808,0.0029374824935086974
time_attention,697,3,0.008352852597081928,0.002903815242331399
time_attention,705,3,0.00842898440982006,0.0027907679613689436
time_attention,713,3,0.008424422038190776,0.0029577127293126506
time_attention,721,3,0.0083651396478066,0.003137797429412746
time_attention,729,3,0.008507288401643684,0.003494387414617726
time_attention,737,3,0.008621582427687149,0.003570603924768918
time_attention,745,3,0.008582181126279892,0.003336513479197685
time_attention,753,3,0.008578037197848451,0.003050799783137316
time_attention,761,3,0.008307965780595464,0.0027892072391334393
time_attention,769,3,0.008077043959894734,0.0026077958738856427
time_attention,777,3,0.007838304155991177,0.002612484519306675
time_attention,785,3,0.007944969317210648,0.0025135788997378374
time_attention,793,3,0.008057755740078068,0.0026518908287771125
time_attention,801,3,0.008134085585431617,0.0026281000780398593
time_attention,809,3,0.008214806178375342,0.0026620915632906334
time_attention,817,3,0.008233912413806227,0.002779867534535234
time_attention,825,3,0.008200464951803342,0.003034378723332406
time_attention,833,3,0.008165180794965499,0.0032121960181164234
time_attention,841,3,0.008260512437440436,0.0033894073625663186
time_attention,849,3,0.008568061819973917,0.0032587612257947997
time_attention,857,3,0.00881692262094863,0.0031335022305454033
time_attention,865,3,0.009002736661592653,0.0030149385503332135
time_attention,873,3,0.00910606765838677,0.00306676415457565
time_attention,881,3,0.008887767387821453,0.0032983966931788263
time_attention,889,3,0.008663661682761135,0.0035460314137434707
time_attention,897,3,0.008503737673451417,0.003685375967920651
time_attention,905,3,0.008544413020456637,0.0036038425358524023
time_attention,913,3,0.008649387236716202,0.003545484745076763
time_attention,921,3,0.008469292901640104,0.003350319708642346
time_attention,929,3,0.008398217758863256,0.0029606943129034968
time_attention,937,3,0.008275278595134508,0.0023046935752010157
time_attention,945,3,0.008467417692338492,0.0023569743045031726
time_attention,953,3,0.008573049754960883,0.0029001476943669277
time_attention,961,3,0.008843207105390088,0.0036005554898920766
time_attention,969,3,0.008979335199523451,0.0037404375709248114
time_attention,977,3,0.008958891695802008,0.003478268979194155
index_attention,1,3,0.016468171889738887,0.0018812529286511203
index_attention,9,3,0.003781215264649944,8.158784888779631e-05
index_attention,17,3,0.002829442629919338,0.00020388530955544205
index_attention,25,3,0.0024433308055012534,0.00022697280225248022
index_attention,33,3,0.001841530981333655,0.0004964594316761966
index_attention,41,3,0.002070044259136964,0.0007495350967986729
index_attention,49,3,0.0024406986559472803,0.001009952062469816
index_attention,57,3,0.003036563941480245,0.001340682961044576
index_attention,65,3,0.0041409017762212355,0.001262387821222163
index_attention,73,3,0.004805262452441894,0.001759876594981391
index_attention,81,3,0.00499364038650956,0.002018559393306878
index_attention,89,3,0.004912044612975046,0.002456197216183781
index_attention,97,3,0.005133100417902829,0.002308798964455914
index_attention,105,3,0.005486705196052222,0.002006352496933735
index_attention,113,3,0.005545637395067707,0.0018613133027806988
index_attention,121,3,0.005577440505756874,0.0016612892977768878
index_attention,129,3,0.006148585210068714,0.001287114298438564
index_attention,137,3,0.005965602614310842,0.0016764869860920034
index_attention,145,3,0.005739703682573681,0.0021708353413866983
index_attention,153,3,0.004901268481957709,0.002943807231809675
index_attention,161,3,0.004908143494230968,0.0027802861840503543
index_attention,169,3,0.004994478644620056,0.00277746364961492
index_attention,177,3,0.005000140519985667,0.003010250037303711
index_attention,185,3,0.005004907653179849,0.0033395749261106904
index_attention,193,3,0.0055706048183296495,0.003258874349330123
index_attention,201,3,0.006021611868115148,0.003060643212168065
index_attention,209,3,0.0064595587545354174,0.002936727365822433
index_attention,217,3,0.006238957231466444,0.0033895475601236746
index_attention,225,3,0.006310981351916997,0.003538747368186023
index_attention,233,3,0.006177406086793108,0.003781151693224112
index_attention,241,3,0.006307952335666003,0.003762180313851417
index_attention,249,3,0.006368742698869711,0.0038443484434844896
index_attention,257,3,0.006978729063062843,0.0032405335982331556
index_attention,265,3,0.00719993251001748,0.002965170478294565
index_attention,273,3,0.007506920447585767,0.002550314484292107
index_attention,281,3,0.007509923448068959,0.0024696037334482075
index_attention,289,3,0.007885404393304733,0.002295019001056025
index_attention,297,3,0.008251926900494332,0.0024731823634570444
index_attention,305,3,0.008513065015270481,0.0027259673406938903
index_attention,313,3,0.008742247627480836,0.0029575081807369707
index_attention,321,3,0.008375657909533865,0.0025638793271421335
index_attention,329,3,0.007850074555801773,0.0021710052710708343
index_attention,337,3,0.007197957257333162,0.0023573682247898034
index_attention,345,3,0.006916161147206449,0.0026838598120377316
index_attention,353,3,0.006920039794837112,0.0030455940104448962
index_attention,361,3,0.007023932551078245,0.0032290448037381844
index_attention,369,3,0.007071447766079171,0.0031995188993952767
index_attention,377,3,0.007179201065164118,0.0031318230176670073
index_attention,385,3,0.007149833423160161,0.0028592610536908045
index_attention,393,3,0.007178117668027707,0.0027308302958352617
index_attention,401,3,0.007111163575975761,0.002584497969190127
index_attention,409,3,0.007238899937424111,0.002737930760413764
index_attention,417,3,0.007333547239465672,0.002954227899009224
index_attention,425,3,0.007437514393799384,0.0030428928586222754
index_attention,433,3,0.0075785873496381955,0.0028928620432333344
index_attention,441,3,0.007643802441317868,0.002560408285517169
index_attention,449,3,0.007567908004641316,0.002403507773371622
index_attention,457,3,0.00751221827222981,0.0025512878295850085
index_attention,465,3,0.007640658441538883,0.0027846611586121355
index_attention,473,3,0.007772894609394061,0.0029229331544169367
index_attention,481,3,0.007692330928453368,0.002603059155634483
index_attention,489,3,0.007571525319137372,0.0023251216406488875
index_attention,497,3,0.007576196769640524,0.0020645658961840306
index_attention,505,3,0.007671149930936296,0.0020895438238411794
index_attention,513,3,0.007516470975575038,0.0020827943668670214
index_attention,521,3,0.007417194970532201,0.0021326712600306724
index_attention,529,3,0.0074969401298336374,0.00228491464266127
index_attention,537,3,0.007432358883452487,0.002415592998073941
index_attention,545,3,0.007612574422682611,0.002500506696540266
index_attention,553,3,0.007479262099781527,0.0024929975860932645
index_attention,561,3,0.0076077078675994,0.0025706684157506174
index_attention,569,3,0.007706121379939482,0.002489739530465074
index_attention,577,3,0.007812337211021235,0.0023411435031910643
index_attention,585,3,0.00800643060386833,0.002281990696087023
index_attention,593,3,0.00800874317373424,0.0024079652347474044
index_attention,601,3,0.008041065302609438,0.0024642364624834134
index_attention,609,3,0.008219128064452684,0.00258262224427114
index_attention,617,3,0.008318888244405912,0.002475881870279127
index_attention,625,3,0.008451629339925215,0.002517450020634037
index_attention,633,3,0.00829025504110919,0.002267177739510703
index_attention,641,3,0.00822462006487011,0.0023661230201351083
index_attention,649,3,0.008207306570101035,0.002451655538058189
index_attention,657,3,0.008170473730204806,0.002635786466855915
index_attention,665,3,0.008349059464372406,0.0026230235393801646
index_attention,673,3,0.008482060589659501,0.002585606614323077
index_attention,681,3,0.008337972029897903,0.0026792230784340354
index_attention,689,3,0.008366233045377649,0.0024492075048817186
index_attention,697,3,0.00838130286132535,0.0024963931848119123
index_attention,705,3,0.008499511741459851,0.0024045548568492293
index_attention,713,3,0.008403824130757813,0.002772091862085701
index_attention,721,3,0.008319218941860912,0.0030242785858288997
index_attention,729,3,0.008584586414173595,0.0032680601939446903
index_attention,737,3,0.00881709069085803,0.0032146112435164943
index_attention,745,3,0.008828435569893643,0.0029813224513494303
index_attention,753,3,0.008847632302798945,0.0026586486812063405
index_attention,761,3,0.00856823616820737,0.0024009415944161536
index_attention,769,3,0.008317292763717685,0.002279757338413417
index_attention,777,3,0.008108579592106651,0.0022234712535673918
index_attention,785,3,0.00815632315769816,0.0022521611238700496
index_attention,793,3,0.008305118299668636,0.0023589296049633013
index_attention,801,3,0.008289368166431966,0.002562781751787957
index_attention,809,3,0.008249443555477689,0.002773963707291169
index_attention,817,3,0.008374837931803443,0.0026896183486897164
index_attention,825,3,0.008437938132097506,0.0027531504204758553
index_attention,833,3,0.008622943005171626,0.002769997615068789
index_attention,841,3,0.008712591990214742,0.00322602515078343
index_attention,849,3,0.00899152911440188,0.003330064336504909
index_attention,857,3,0.009052762992104495,0.0034818324622848756
index_attention,865,3,0.00907092306848814,0.0034626629194754238
index_attention,873,3,0.009053271875795674,0.0035779291752198036
index_attention,881,3,0.009156064038470565,0.003284326993623135
index_attention,889,3,0.009027248367440593,0.0030756245712158167
index_attention,897,3,0.008866406323714158,0.0028988820077668585
index_attention,905,3,0.008597390214021072,0.003208907023060659
index_attention,913,3,0.008562884299917924,0.0033357521148328103
index_attention,921,3,0.008546643749603284,0.0035242644161346892
index_attention,929,3,0.008414333026594034,0.003422987410037205
index_attention,937,3,0.00836580671128597,0.00330530638376082
index_attention,945,3,0.008674709124227336,0.002920962830695182
index_attention,953,3,0.00877113812304467,0.0029460973977092856
index_attention,961,3,0.008882788991785804,0.0030548726570668685
index_attention,969,3,0.008690101171603825,0.0033436169320209806
index_attention,977,3,0.008643939471297829,0.0032483277741811004
gated_attention,1,3,0.01686410042304835,0.0005264176321430981
gated_attention,9,3,0.0038334209599625267,0.00015904390454927087
gated_attention,17,3,0.0028251293547186056,0.00025945698346799755
gated_attention,25,3,0.002404029848943525,0.0002789923387326492
gated_attention,33,3,0.001703100724979262,0.0002605561060100073
gated_attention,41,3,0.0018287211132050382,0.0002543802144509171
gated_attention,49,3,0.002060780530178177,0.000338075896218014
gated_attention,57,3,0.002445325505944614,0.0002910741357695023
gated_attention,65,3,0.0033554051642890044,0.0003560086510964844
gated_attention,73,3,0.003876473186377069,4.602171671347531e-05
gated_attention,81,3,0.004060889781438334,0.0003507082772788369
gated_attention,89,3,0.004042269325819901,0.0007743573459077044
gated_attention,97,3,0.004340655444244783,0.0008914574072715474
gated_attention,105,3,0.004773538253489373,0.0009213721993732039
gated_attention,113,3,0.004840623768827324,0.0009242335382818835
gated_attention,121,3,0.00485074846058527,0.0010402677444970075
gated_attention,129,3,0.005470458399625983,0.0009129966454304185
gated_attention,137,3,0.00559557216414653,0.0008625901059479002
gated_attention,145,3,0.005778026707869604,0.0012503108027925225
gated_attention,153,3,0.005331694308751603,0.0021215671292198154
gated_attention,161,3,0.005493772353808744,0.002410736809026703
gated_attention,169,3,0.005715417174159095,0.0027048402938605696
gated_attention,177,3,0.005892092314040472,0.003063120430138569
gated_attention,185,3,0.006003759588492551,0.0032213430526031863
gated_attention,193,3,0.006491014748350953,0.002846809098020788
gated_attention,201,3,0.006883491619588098,0.0026129045108864036
gated_attention,209,3,0.007537994213480192,0.002155774658853202
gated_attention,217,3,0.007756967981007775,0.0020507165599361076
gated_attention,225,3,0.008312191918274509,0.0017220264198819005
gated_attention,233,3,0.008576800546176714,0.0016060725054634867
gated_attention,241,3,0.009042353633941116,0.0016009600619349242
gated_attention,249,3,0.009303631584516863,0.0017046742700234697
gated_attention,257,3,0.009184043958072608,0.0015214274028750065
gated_attention,265,3,0.008621139071302183,0.0014798355574270165
gated_attention,273,3,0.007952390424759299,0.0019299922322445985
gated_attention,281,3,0.007577770771002541,0.002557406694576184
gated_attention,289,3,0.007532768784370974,0.0027030182062890676
gated_attention,297,3,0.0075462962881469205,0.0024787811820814985
gated_attention,305,3,0.007455660101164715,0.002002575240769012
gated_attention,313,3,0.007341747096384217,0.0015876647809134389
gated_attention,321,3,0.006997924849110893,0.001344381305082034
gated_attention,329,3,0.006601622180346277,0.0014251608007641921
gated_attention,337,3,0.006281349243744423,0.001718629888790452
gated_attention,345,3,0.00613346006935363,0.001886914457013962
gated_attention,353,3,0.006167777084993352,0.0019731275172030632
gated_attention,361,3,0.0061367604301459195,0.0019481235781753628
gated_attention,369,3,0.006086162974938809,0.001848107463657235
gated_attention,377,3,0.00619761121064395,0.0018791619356431837
gated_attention,385,3,0.006354148538095111,0.0016228932351179633
gated_attention,393,3,0.006496112849919421,0.0014251834610174636
gated_attention,401,3,0.006413678632705564,0.0011201873852651968
gated_attention,409,3,0.00648566698672112,0.0012368972298381676
gated_attention,417,3,0.006483062271596538,0.0014967661011079088
gated_attention,425,3,0.006603501883249458,0.0016667317035580626
gated_attention,433,3,0.006749310701565978,0.0016078508546748585
gated_attention,441,3,0.006903500381827962,0.0014197124001536718
gated_attention,449,3,0.006950415296292725,0.0013111181909694041
gated_attention,457,3,0.006722052722431093,0.0015828729864937824
gated_attention,465,3,0.006538953054181513,0.0019086686343467022
gated_attention,473,3,0.006481069738837193,0.0020364827572527094
gated_attention,481,3,0.0063931026430254475,0.001880787641389241
gated_attention,489,3,0.006356260393940215,0.0016999189435256785
gated_attention,497,3,0.006274353199453572,0.0016541327645489545
gated_attention,505,3,0.006235781330640113,0.0018066322996602633
gated_attention,513,3,0.006147867551398486,0.001860068679994062
gated_attention,521,3,0.006319618408678657,0.001622740828159896
gated_attention,529,3,0.006765880089290362,0.0014090168289499667
gated_attention,537,3,0.007124067494845385,0.0012527195494559267
gated_attention,545,3,0.00729255835539233,0.0012822675350526221
gated_attention,553,3,0.007146510349495119,0.0013129085228784972
gated_attention,561,3,0.007249060009619189,0.001439403533171828
gated_attention,569,3,0.007525435991087254,0.0016076884016195292
gated_attention,577,3,0.0077899062889143535,0.001504235452999725
gated_attention,585,3,0.007876616856343043,0.001256590960907925
gated_attention,593,3,0.007608670877058796,0.0010865792744208836
gated_attention,601,3,0.007409696110864836,0.0010361256089212695
gated_attention,609,3,0.007447762313395921,0.0010694302356418555
gated_attention,617,3,0.0075711771410224525,0.0009208132671869653
gated_attention,625,3,0.007644321324958539,0.0009530022719294735
gated_attention,633,3,0.0074060687366669375,0.0009078039714794354
gated_attention,641,3,0.0071600339051705155,0.001065960489616178
gated_attention,649,3,0.007052401472461868,0.0011478430215917197
gated_attention,657,3,0.006964392494645119,0.0012401867680287668
gated_attention,665,3,0.007138715154852655,0.0011187688462070838
gated_attention,673,3,0.007226616586770973,0.0010156385312240826
gated_attention,681,3,0.007202275984143411,0.001133272803847572
gated_attention,689,3,0.00735199112433516,0.001080688965060342
gated_attention,697,3,0.007606006454351885,0.0012317748321921827
gated_attention,705,3,0.007831217874620466,0.0011497204086533795
gated_attention,713,3,0.007626637109403513,0.0013715649181985665
gated_attention,721,3,0.007542311795997739,0.001446613924311831
gated_attention,729,3,0.007641431117057066,0.0015009184488115142
gated_attention,737,3,0.007904978063057878,0.0014419358223536555
gated_attention,745,3,0.00787148157334367,0.0012996439521990684
gated_attention,753,3,0.0077661230782551,0.0012001981825267099
gated_attention,761,3,0.007623911566147376,0.0012041679161252522
gated_attention,769,3,0.007677634800101638,0.0013879005216663074
gated_attention,777,3,0.007791898613891256,0.0014891595830721096
gated_attention,785,3,0.007958411448130788,0.0015920719515636994
gated_attention,793,3,0.007961163082887229,0.001436411368177652
gated_attention,801,3,0.007948531903108796,0.0014980718207869806
gated_attention,809,3,0.00793365902904497,0.001652406263984832
gated_attention,817,3,0.007989745326789893,0.0017881511654433103
gated_attention,825,3,0.007990138315353796,0.001848320232171293
gated_attention,833,3,0.008015938815185983,0.001722676772583534
gated_attention,841,3,0.008022278070272327,0.001691664557508676
gated_attention,849,3,0.008073384242522257,0.0015701974678981817
gated_attention,857,3,0.007945263653074677,0.001645410538923064
gated_attention,865,3,0.007870625587967623,0.0015503326392024115
gated_attention,873,3,0.007896396043790898,0.001637895699352559
gated_attention,881,3,0.007992611266240705,0.0016559526426675726
gated_attention,889,3,0.008124136860519353,0.001769507258259411
gated_attention,897,3,0.008132227822831049,0.0016972346787543428
gated_attention,905,3,0.008024156952189065,0.0017068663218751722
gated_attention,913,3,0.007998339583865414,0.0017624627574959954
gated_attention,921,3,0.007924304338811486,0.0017726478444390697
gated_attention,929,3,0.007927978444424826,0.0019443289957005356
gated_attention,937,3,0.007872499281666702,0.0018327964592316228
gated_attention,945,3,0.008004876568614318,0.0018598126992254874
gated_attention,953,3,0.008008570520277052,0.0018184538417134021
gated_attention,961,3,0.008158439275126076,0.0018728965320341426
gated_attention,969,3,0.00824189109599112,0.0020139001051619424
gated_attention,977,3,0.008437085221695154,0.0020344337404154676
supervised_attention,1,3,0.016434718140464284,0.001723351938368578
supervised_attention,9,3,0.0037428442269693434,9.748978254566046e-05
supervised_attention,17,3,0.002781849278527534,0.0002001629581999045
supervised_attention,25,3,0.0023812474347059682,0.00016875758224035487
supervised_attention,33,3,0.001757073839429989,0.00027988297157455623
supervised_attention,41,3,0.001973356579996487,0.00042682702723761175
supervised_attention,49,3,0.002336585738909215,0.0006075418414312104
supervised_attention,57,3,0.0029090693953837793,0.0008754792252253732
supervised_attention,65,3,0.003882764640691004,0.0010451586056516803
supervised_attention,73,3,0.004552017098034535,0.0015728384934222766
supervised_attention,81,3,0.004700929754730577,0.0019858321593859943
supervised_attention,89,3,0.004676455622306386,0.002512593363009509
supervised_attention,97,3,0.004817888410569766,0.0025678910507901955
supervised_attention,105,3,0.005200248819510519,0.0024741643201869785
supervised_attention,113,3,0.005316928236140744,0.002515734904474578
supervised_attention,121,3,0.005374397254332787,0.002650884389222904
supervised_attention,129,3,0.005727220281738366,0.0025925037288288977
supervised_attention,137,3,0.005720895719092453,0.002889154523886554
supervised_attention,145,3,0.005763895690406564,0.0030016380430272285
supervised_attention,153,3,0.005525726040164398,0.0031541145223491036
supervised_attention,161,3,0.005715125766246081,0.0027344492381809232
supervised_attention,169,3,0.006019782688044567,0.0022961048578127433
supervised_attention,177,3,0.0062872488349807465,0.0021325035882553693
supervised_attention,185,3,0.006479735868433559,0.002027618095816251
supervised_attention,193,3,0.007063183003413821,0.0016249672459700494
supervised_attention,201,3,0.007664845393629413,0.0011810244400996387
supervised_attention,209,3,0.008259070499831685,0.000724155661479655
supervised_attention,217,3,0.008449155064062219,0.0005254611318969008
supervised_attention,225,3,0.008516065565296015,0.00043165838093873126
supervised_attention,233,3,0.008440057680149564,0.000293271258679706
supervised_attention,241,3,0.00843277383802166,0.00031661476646876617
supervised_attention,249,3,0.00844809654281898,0.0002886586217763294
supervised_attention,257,3,0.008539381636902281,0.00028393752925896733
supervised_attention,265,3,0.008493906539933238,0.00041164364874690125
supervised_attention,273,3,0.008467216899339625,0.0006392799425436372
supervised_attention,281,3,0.008490511106697978,0.0008646163027131775
supervised_attention,289,3,0.008520288993405484,0.0008843527800012379
supervised_attention,297,3,0.008428018036191726,0.0008224545933020732
supervised_attention,305,3,0.00821428319867698,0.0008913009093455784
supervised_attention,313,3,0.008171976705619465,0.0010587550457918096
supervised_attention,321,3,0.008144436155164119,0.0009079152310823766
supervised_attention,329,3,0.007980018167883766,0.0007120720076472673
supervised_attention,337,3,0.007609628617722672,0.0010350438690720147
supervised_attention,345,3,0.0070896344140509914,0.0017957069967152756
supervised_attention,353,3,0.00688298774353929,0.0023768817529603342
supervised_attention,361,3,0.006890816629982969,0.0025450699288673776
supervised_attention,369,3,0.006899431669882504,0.0024817871663369694
supervised_attention,377,3,0.007087807309816323,0.0021915324424102178
supervised_attention,385,3,0.0069787255517643546,0.002036528514656458
supervised_attention,393,3,0.006926324521846995,0.001980323371331473
supervised_attention,401,3,0.006719546100004074,0.002090800297469718
supervised_attention,409,3,0.0067599211603760504,0.002320298608846208
supervised_attention,417,3,0.0069144420618073655,0.002395475031559521
supervised_attention,425,3,0.0070404333867039705,0.002460498727619485
supervised_attention,433,3,0.007065395835691088,0.0025076032175308815
supervised_attention,441,3,0.007143254252037448,0.002300183258751732
supervised_attention,449,3,0.007138318213171037,0.0021352199814394734
supervised_attention,457,3,0.0071667077926786974,0.002103866898364178
supervised_attention,465,3,0.007252925343362494,0.0021014934291901477
supervised_attention,473,3,0.0072748230728151625,0.002132027452739533
supervised_attention,481,3,0.0071799213309207,0.0019083298179222215
supervised_attention,489,3,0.0070101508103577554,0.0020125979280128633
supervised_attention,497,3,0.007010517915640201,0.00208652268662682
supervised_attention,505,3,0.007134648031796818,0.0021621558001576596
supervised_attention,513,3,0.007058908521986171,0.002165641467092947
supervised_attention,521,3,0.006964955972247208,0.0020544251066166564
supervised_attention,529,3,0.006940762828871058,0.0022997011289828378
supervised_attention,537,3,0.00688795290448799,0.0023016173341152543
supervised_attention,545,3,0.006869075280068555,0.0025704775141744737
supervised_attention,553,3,0.00684039687374544,0.002332890055856968
supervised_attention,561,3,0.007023224499799159,0.0022986583350912823
supervised_attention,569,3,0.007292127406402634,0.0021547781411574997
supervised_attention,577,3,0.007381283369848629,0.0020800454081424547
supervised_attention,585,3,0.007410105433729081,0.0019668828936820065
supervised_attention,593,3,0.007340626248552051,0.0016859552056018425
supervised_attention,601,3,0.007346255742907725,0.0013929644752559494
supervised_attention,609,3,0.007497546313096883,0.001266368431174246
supervised_attention,617,3,0.007544596311351341,0.0012429540017659686
supervised_attention,625,3,0.0076204777603936695,0.0015377937730963116
supervised_attention,633,3,0.0074643645042539375,0.0015101380926545716
supervised_attention,641,3,0.007658711512694425,0.0012564352309395997
supervised_attention,649,3,0.007879456323932619,0.0009196155101984715
supervised_attention,657,3,0.008073624253872381,0.0006587313439122735
supervised_attention,665,3,0.00815551098169776,0.0006358951791363957
supervised_attention,673,3,0.008252088065607484,0.0006222807843647161
supervised_attention,681,3,0.00830487144199277,0.00044268288255904924
supervised_attention,689,3,0.008186645765733086,0.0005615009919035601
supervised_attention,697,3,0.008119258189728994,0.0006032000867526658
supervised_attention,705,3,0.00802302618305105,0.0007385517155113737
supervised_attention,713,3,0.008131301684397725,0.0005611347937158956
supervised_attention,721,3,0.00824619621497757,0.00045002069043846804
supervised_attention,729,3,0.008409271936056185,0.0006530058690234266
supervised_attention,737,3,0.008411091113603603,0.0008402932925305379
supervised_attention,745,3,0.008321360385264428,0.0006876684326368402
supervised_attention,753,3,0.008325041982034168,0.0005123787011482055
supervised_attention,761,3,0.008290102315951235,0.00029596267480066254
supervised_attention,769,3,0.008267948188327486,0.00030023234465335945
supervised_attention,777,3,0.008210334197585777,0.00025579216716690664
supervised_attention,785,3,0.008261445667097347,0.0002552183975422343
supervised_attention,793,3,0.00840007365317052,0.00024084774751929308
supervised_attention,801,3,0.00843115439591408,0.00043579606975621796
supervised_attention,809,3,0.0083881580351624,0.0006906207784598855
supervised_attention,817,3,0.008266362300979553,0.0007467423595381722
supervised_attention,825,3,0.008296355339325026,0.0005326197555602188
supervised_attention,833,3,0.008345326040679097,0.00038637616462145694
supervised_attention,841,3,0.00852430341906369,0.00038034370282594946
supervised_attention,849,3,0.008525782013550738,0.0005316530085476573
supervised_attention,857,3,0.00853679040311311,0.0005270753231694761
supervised_attention,865,3,0.008384188883927848,0.0006599728515387321
supervised_attention,873,3,0.00824234550314338,0.000688406733024357
supervised_attention,881,3,0.008096401831189728,0.0007187283363075442
supervised_attention,889,3,0.008114266118927323,0.0006423979007774454
supervised_attention,897,3,0.008231169013694806,0.000617369099229337
supervised_attention,905,3,0.008299576014314044,0.0005566723117787692
supervised_attention,913,3,0.008305478319980386,0.0005745018414452048
supervised_attention,921,3,0.0082124768257923,0.0005715999076274065
supervised_attention,929,3,0.008078387833187114,0.00046080231446359916
supervised_attention,937,3,0.008069645474871505,0.0001894634598968089
supervised_attention,945,3,0.008036525730654838,0.00013890459250181546
supervised_attention,953,3,0.008209391079222741,0.0002858363100790965
supervised_attention,961,3,0.008314236062081598,0.0006314428545138617
supervised_attention,969,3,0.008395572397780058,0.0006728857997362687
supervised_attention,977,3,0.008450144968600526,0.0004722741359327782
history_mlp,1,3,0.016784899082536314,0.00015846129708680515
history_mlp,9,3,0.0036796680906372673,0.00011043634802268459
history_mlp,17,3,0.0026738019144939285,0.0001754253970915083
history_mlp,25,3,0.002236356813785572,0.00018716501213824488
history_mlp,33,3,0.0015036012688676456,0.00020178304583970186
history_mlp,41,3,0.0015759223694007801,0.00020572173028557327
history_mlp,49,3,0.0017231380190190226,0.00028667797892538833
history_mlp,57,3,0.0019951021534163707,0.00024052429851677767
history_mlp,65,3,0.0027648360827794566,0.0002221707956953583
history_mlp,73,3,0.0030127377184464717,0.00030480462378923255
history_mlp,81,3,0.0028508721329172683,0.0005825983971573225
history_mlp,89,3,0.002442869617755469,0.0008280834426041691
history_mlp,97,3,0.0025346044620846264,0.0008649026630916446
history_mlp,105,3,0.00291895960540604,0.0007299099861358791
history_mlp,113,3,0.0031632371584848547,0.0008973998508909632
history_mlp,121,3,0.0035690607403383993,0.0012980200718859345
history_mlp,129,3,0.00444826576412126,0.001526358946692882
history_mlp,137,3,0.005072168614017158,0.0019391844752460164
history_mlp,145,3,0.0056129237036513,0.0020297813032992777
history_mlp,153,3,0.0057448724061373605,0.0019284937410370439
history_mlp,161,3,0.006307407502752986,0.001437209615526388
history_mlp,169,3,0.006925583692270685,0.0008884882896350179
history_mlp,177,3,0.007455772127197418,0.0005911011101239499
history_mlp,185,3,0.007816390211607098,0.00034293750717202906
history_mlp,193,3,0.008213145634612016,0.0001396897129574861
history_mlp,201,3,0.00850620519758791,7.051380903031371e-05
history_mlp,209,3,0.008739549655870857,0.00012381808041409632
history_mlp,217,3,0.008678899786670857,5.12164068184183e-05
history_mlp,225,3,0.00863519326690836,2.8290671082345783e-05
history_mlp,233,3,0.008426229383236962,8.60925225837112e-05
history_mlp,241,3,0.008474711154270249,0.00030507512094907555
history_mlp,249,3,0.008506847285417148,0.0003844147729223416
history_mlp,257,3,0.008741360949207312,0.0005483997165540308
history_mlp,265,3,0.008719522788866558,0.000566874917390268
history_mlp,273,3,0.008649619892087535,0.0005644775939973446
history_mlp,281,3,0.008492219932704515,0.00040821847198918885
history_mlp,289,3,0.00843580159845892,0.00022958845691736503
history_mlp,297,3,0.008421972862461425,0.00023474280508605034
history_mlp,305,3,0.00836352043992204,0.0004686108582337986
history_mlp,313,3,0.008573039923348437,0.0006823462651051065
history_mlp,321,3,0.008527180966432235,0.0005393994664960816
history_mlp,329,3,0.00862596347619273,0.0003670459523517816
history_mlp,337,3,0.008600264636968646,0.000370198528602137
history_mlp,345,3,0.008546718497662491,0.00048657475069070755
history_mlp,353,3,0.00855230279681332,0.00037636360751410977
history_mlp,361,3,0.008541942068689723,0.0001435002377479911
history_mlp,369,3,0.008514751030109671,3.946136952945648e-05
history_mlp,377,3,0.00856974273414637,9.219365747363015e-05
history_mlp,385,3,0.00852592368386037,0.00017560050329991998
history_mlp,393,3,0.008480733476080788,0.0002321037115569105
history_mlp,401,3,0.008316224013992396,0.0003160019356281238
history_mlp,409,3,0.008392925660243933,0.00023824044305080944
history_mlp,417,3,0.008484663074193955,0.00025963719414237645
history_mlp,425,3,0.008631943168533007,0.00028808941176876454
history_mlp,433,3,0.008815034050238086,0.0002050951236055935
history_mlp,441,3,0.008937273435012607,0.0002817657290919363
history_mlp,449,3,0.008835858475024475,0.00044219922343671607
history_mlp,457,3,0.008686733729527807,0.0003432156470312557
history_mlp,465,3,0.008688587071036655,0.00029771608110504613
history_mlp,473,3,0.008757881141062377,0.00019659173085464742
history_mlp,481,3,0.008744038842896457,0.0002795311183838419
history_mlp,489,3,0.008653496341158187,0.00037560323271565373
history_mlp,497,3,0.008683529413763035,0.0005332149241493797
history_mlp,505,3,0.008753412096618842,0.0004856383633828183
history_mlp,513,3,0.008606703170821083,0.00033823684499891736
history_mlp,521,3,0.008486032693580099,0.0002206038201391295
history_mlp,529,3,0.008550967297616086,0.00013829332299981355
history_mlp,537,3,0.008510238565024995,0.000233117739800688
history_mlp,545,3,0.008630187036609123,0.00020710336896931123
history_mlp,553,3,0.008417436534773079,2.8612992805878127e-05
history_mlp,561,3,0.008467540291201872,0.00022262591340229909
history_mlp,569,3,0.008562050880937604,0.0004479720774912757
history_mlp,577,3,0.008582576256372066,0.00027091121009765974
history_mlp,585,3,0.008656747522875452,6.428091887977625e-05
history_mlp,593,3,0.008479272665474246,0.00016434795399428956
history_mlp,601,3,0.008445209048247708,0.00027049169113976254
history_mlp,609,3,0.008556427654330909,0.0003067292099896785
history_mlp,617,3,0.008707918992246955,0.00039753548124494577
history_mlp,625,3,0.008987017506086355,0.00032295073411756927
history_mlp,633,3,0.008793130092226391,0.00023379783454447367
history_mlp,641,3,0.008707261740044395,0.0001631955378894188
history_mlp,649,3,0.008658097806261207,0.0003152280618963847
history_mlp,657,3,0.0086163893964933,0.0002519207771788975
history_mlp,665,3,0.008763985301754469,0.00021624486358420017
history_mlp,673,3,0.008863377534346456,0.0003243550935924112
history_mlp,681,3,0.008708527105937513,0.00046694534539692083
history_mlp,689,3,0.008751694137669326,0.0005810980843873814
history_mlp,697,3,0.008623355647120759,0.0002315340818155917
history_mlp,705,3,0.008608814972027699,0.00014499886179452032
history_mlp,713,3,0.008259750984540418,0.0002881820934667721
history_mlp,721,3,0.008248723418819793,0.00038923371088296264
history_mlp,729,3,0.008459778687941497,0.0005472189142739089
history_mlp,737,3,0.008649829326862627,0.000514282595425907
history_mlp,745,3,0.008616583797893491,0.00025929510496643966
history_mlp,753,3,0.00861269392683881,0.00015512706408487637
history_mlp,761,3,0.008348860578458489,0.0003885173475804466
history_mlp,769,3,0.008188124047071886,0.0005273390153903145
history_mlp,777,3,0.008049594947219064,0.0003494238344236178
history_mlp,785,3,0.008269555693371358,0.00022167422898292335
history_mlp,793,3,0.008650851364066944,0.0005307057118303805
history_mlp,801,3,0.009007541339660224,0.0009406175591012079
history_mlp,809,3,0.00934177600319125,0.001415663889636394
history_mlp,817,3,0.009581219456344834,0.0016548947398275459
history_mlp,825,3,0.009728579621805322,0.0021184356377091274
history_mlp,833,3,0.010127631905452171,0.0027715446527509795
history_mlp,841,3,0.01054633759091115,0.0034640414493596434
history_mlp,849,3,0.011189633815528253,0.004051376337407095
history_mlp,857,3,0.011465994980024957,0.004310543496630308
history_mlp,865,3,0.011796195205965794,0.0048715944878022
history_mlp,873,3,0.011976218835130151,0.005294664823228145
history_mlp,881,3,0.011846437550162237,0.005121935445620844
history_mlp,889,3,0.011623218732806534,0.0049171640643260375
history_mlp,897,3,0.011397871199695766,0.004797099840455967
history_mlp,905,3,0.011363494115993153,0.005043974259924837
history_mlp,913,3,0.011551901974301134,0.005217642462761387
history_mlp,921,3,0.011614585196092929,0.005316411569700707
history_mlp,929,3,0.011597704766694222,0.005425581709310147
history_mlp,937,3,0.011475411949437943,0.005581064151179046
history_mlp,945,3,0.011127707052145275,0.004965312086545892
history_mlp,953,3,0.010736830465447482,0.004325695720447161
history_mlp,961,3,0.010549540434235935,0.003711338473114304
history_mlp,969,3,0.010613222769965342,0.0036376933826897466
history_mlp,977,3,0.010774981704142495,0.0037186134347506335
history_gru,1,3,0.016668837159488786,0.0005309435187045943
history_gru,9,3,0.003686540099848664,8.563876369203823e-05
history_gru,17,3,0.0026772070100196804,0.00019401018459154896
history_gru,25,3,0.0022361200199765455,0.00019086202834794398
history_gru,33,3,0.0014988769338259353,0.00018844033990483546
history_gru,41,3,0.0015651879528033534,0.00020059236004148846
history_gru,49,3,0.0017021576231708545,0.00029083857980619163
history_gru,57,3,0.001957343780561802,0.0002571414925907289
history_gru,65,3,0.0027004152547502615,0.0002638422004537586
history_gru,73,3,0.0028854571997371185,0.00017107821099319315
history_gru,81,3,0.002629318196028796,0.00029756101332748994
history_gru,89,3,0.00206402937713677,0.00039446944410266116
history_gru,97,3,0.0019472498066961652,0.0002855424764693346
history_gru,105,3,0.0020689464458096014,6.740658389155613e-05
history_gru,113,3,0.0020028390618998695,0.00015999238804235172
history_gru,121,3,0.001955019021606294,0.00022143994336698783
history_gru,129,3,0.0026402956333076593,0.00012960349401052698
history_gru,137,3,0.002798726318441911,0.00046529286648980093
history_gru,145,3,0.003066984673655278,0.0007980283863051321
history_gru,153,3,0.0027710798326718686,0.0012338144721727705
history_gru,161,3,0.00330274985357555,0.0016859818337139152
history_gru,169,3,0.003954796524289975,0.002178234647359181
history_gru,177,3,0.0045766596726367,0.002738885446387779
history_gru,185,3,0.005019728430917715,0.003050694360996771
history_gru,193,3,0.005653180496612217,0.0030209331041535425
history_gru,201,3,0.005965170470974781,0.0031669442567717095
history_gru,209,3,0.006203671901203093,0.0031984607054138326
history_gru,217,3,0.005979445678394291,0.003610035255505003
history_gru,225,3,0.005989125352617304,0.003636761207013808
history_gru,233,3,0.005832375569746854,0.003628112345242571
history_gru,241,3,0.005989986157748872,0.0032088970133424743
history_gru,249,3,0.0061665897737469555,0.0029774869446128937
history_gru,257,3,0.006757813581181078,0.0023309319029908462
history_gru,265,3,0.007081496427564258,0.0017296517903421114
history_gru,273,3,0.007354633880072045,0.0012458860049542073
history_gru,281,3,0.007338508972980377,0.0011387243104077679
history_gru,289,3,0.007372042159987828,0.00113994490643921
history_gru,297,3,0.007384428475263785,0.001001591522315004
history_gru,305,3,0.007343840625070429,0.0007639411813171247
history_gru,313,3,0.007573482334952441,0.0004623466018107047
history_gru,321,3,0.0075113965011379446,0.0006856033255858724
history_gru,329,3,0.00760008996922881,0.0008591874408058326
history_gru,337,3,0.00759900286785577,0.0009643675913465413
history_gru,345,3,0.00758537065312603,0.0009041811877940006
history_gru,353,3,0.007625338597607681,0.0008191304996963702
history_gru,361,3,0.007607030135775179,0.0009628124544879003
history_gru,369,3,0.007543977126825814,0.0010955542010628616
history_gru,377,3,0.007592390243027994,0.000983450712586427
history_gru,385,3,0.0075311348570681275,0.0008043108834905322
history_gru,393,3,0.0075054523854796015,0.0007522461444712241
history_gru,401,3,0.0073586127554723735,0.0010522210589173
history_gru,409,3,0.007453367056837894,0.0011042655256415632
history_gru,417,3,0.007541479482307233,0.001110987168071547
history_gru,425,3,0.007687108914957328,0.0009450941284785023
history_gru,433,3,0.00786238132515397,0.0007334516501630778
history_gru,441,3,0.008014444772027838,0.0006393617394783114
history_gru,449,3,0.00798089239548171,0.0006085139530700649
history_gru,457,3,0.007893966649586798,0.0005416818532007003
history_gru,465,3,0.007905105209013228,0.0005564740185909103
history_gru,473,3,0.007935539252135132,0.0005920206309264193
history_gru,481,3,0.007852706168062896,0.0007235323504855975
history_gru,489,3,0.007766923981148899,0.0008695487917542003
history_gru,497,3,0.007807084375842592,0.001092957680766193
history_gru,505,3,0.007916092182504685,0.0011070124968633093
history_gru,513,3,0.007809855825128009,0.001009421740897001
history_gru,521,3,0.007700960809530582,0.0008191800553365011
history_gru,529,3,0.007779834317570068,0.0006256323451271772
history_gru,537,3,0.007718977721040448,0.0004731834586726205
history_gru,545,3,0.007843344476380172,0.0004644487997172202
history_gru,553,3,0.007631448806608762,0.0006532333926279583
history_gru,561,3,0.007702722437954634,0.0007661120707250514
history_gru,569,3,0.007783858763349268,0.0008765594053036722
history_gru,577,3,0.007869334150192224,0.0006908822369997221
history_gru,585,3,0.00794410121863061,0.000554745364760828
history_gru,593,3,0.007783241945679839,0.0006286352046942864
history_gru,601,3,0.007676304289348246,0.0007853486010954293
history_gru,609,3,0.00776558878085877,0.0008522395569498375
history_gru,617,3,0.007915880984657758,0.0007580970242324082
history_gru,625,3,0.008173089776547642,0.0006261599517237782
history_gru,633,3,0.007969877648696614,0.0007124276431990578
history_gru,641,3,0.007881419766685459,0.0007426066460751448
history_gru,649,3,0.007817090106578994,0.0008156422748314605
history_gru,657,3,0.007790806629438956,0.0008189815599708955
history_gru,665,3,0.007913597954721662,0.0008917948656549454
history_gru,673,3,0.008011266359668251,0.0010417954800067738
history_gru,681,3,0.007870720960983525,0.0011349989692960177
history_gru,689,3,0.007883857149918487,0.0011198358069003855
history_gru,697,3,0.007869509394577636,0.0009349051160210915
history_gru,705,3,0.007984010026787046,0.0009288915262826605
history_gru,713,3,0.007820337176447218,0.0008696316974296251
history_gru,721,3,0.007838395955819364,0.0008072225203044501
history_gru,729,3,0.008071135165724374,0.0006663353221030144
history_gru,737,3,0.008295778030324828,0.0007113099668876251
history_gru,745,3,0.008304067060863838,0.0009691846308389778
history_gru,753,3,0.008262711986883381,0.0010690239668822961
history_gru,761,3,0.008100884610427364,0.0010875996018947106
history_gru,769,3,0.008014323067341999,0.0009266497262469443
history_gru,777,3,0.00796019027382689,0.0009471800337617966
history_gru,785,3,0.00802753378071188,0.000945830166316026
history_gru,793,3,0.0081858720967169,0.0008651490493631603
history_gru,801,3,0.008225497385422184,0.0006424729384451827
history_gru,809,3,0.008226766855533916,0.0004172022834877844
history_gru,817,3,0.008153132548908338,0.00034920112437903094
history_gru,825,3,0.008040366313274915,0.00047199499816796185
history_gru,833,3,0.008086053437450995,0.0006276388340261891
history_gru,841,3,0.008178465614859288,0.0005677264445883575
history_gru,849,3,0.008474245246128673,0.0006424491622931128
history_gru,857,3,0.008529721124265395,0.0007452099163738531
history_gru,865,3,0.00860504374061138,0.0007387197800291102
history_gru,873,3,0.008584956532205255,0.0005617258020802429
history_gru,881,3,0.008582935009203527,0.0004597215422459973
history_gru,889,3,0.00860205010672141,0.00032640508487667084
history_gru,897,3,0.008565856114330216,0.00019301907886249239
history_gru,905,3,0.008510123803964738,3.92864839213755e-05
history_gru,913,3,0.008496427663012427,9.305397197645057e-05
history_gru,921,3,0.008417349965239155,8.750967129737772e-05
history_gru,929,3,0.00830951594005551,0.0002270672340956647
history_gru,937,3,0.00820432449277507,0.0003837818065902908
history_gru,945,3,0.00814874857893007,0.0006003983386208253
history_gru,953,3,0.008099398400936824,0.0005742623912513159
history_gru,961,3,0.008195266954864359,0.00043388409442708436
history_gru,969,3,0.00834915992054238,0.00036612385796738485
history_gru,977,3,0.008491549998509809,0.000421472243879565
